Terremoto;Ladrillo y madera;Hormigón armado;Percentages of repair to reposition
IV;0.05;0;0.02
V;0.083333333;0.1;0.033333333
VI;0.25;0.2;0.1
VII;0.34375;0.222222222;0.166666667
VIII;0.55;0.25;0.5
IX;0.709677419;0.4;0.666666667
X;1;1;1
