Categoria;Tipo;IV;V;VI;VII;VIII;IX;X
Edificio;Vivienda y edificios;0.000474216;0.001514314;0.004835663;0.015441732;0.049310113;0.157462086;0.502824002
Edificio;Comercios;0.001215206;0.003535005;0.010283241;0.029913691;0.087018181;0.253133719;0.736359679
Edificio;Industrias;8.08984E-05;0.000333419;0.001374169;0.005663566;0.023342104;0.096203307;0.396497086
Contenido;Vivienda y edificios;2.08454E-05;0.000109729;0.000577604;0.003040465;0.016004791;0.084248078;0.443475876
Contenido;Comercios;0.000409694;0.001424787;0.004954958;0.017231774;0.05992665;0.208405895;0.724769652
Contenido;Industrias;8.08984E-05;0.000333419;0.001374169;0.005663566;0.023342104;0.096203307;0.396497086
Total;Pérdida beneficios;1.66506E-05;0.000346569;0.004411538;0.034342349;0.16349708;0.476025261;0.84759815
;;;;;;;;
;;;;;;;;
;;;;;;;;
;;;;;;;;
;;;;;;;;
;;;;;;;;
;;;;;;;;
;;;;;;;;
;;;;;;;;
;;;;;;;;
;;;;;;;;
;;;;;;;;
;;;;;;;;
;;;;;;;;
;;;;;;;;
;;;;;;;;
;;;;;;;;
;;;;;;;;
;;;;;;;;
;;;;;;;;
;;;;;;;;
;;;;;;;;
;;;;;;;;
;;;;;;;;
;;;;;;;;
;;;;;;;;
;;;;;;;;
;;;;;;;;
;;;;;;;;
;;;;;;;;
;;;;;;;;
;;;;;;;;
;;;;;;;;
;;;;;;;;
;;;;;;;;
;;;;;;;;
;;;;;;;;
;;;;;;;;
;;;;;;;;
;;;;40;170;600;1700;4200
;;;;80;350;1100;2700;6000
;;;;10;70;300;1100;3000
;;;;5;30;200;1000;3500
;;;;40;200;700;2300;6000
;;;;10;70;300;1100;3000
;;;;50;250;2000;5000;8000
